{"test/steps_per_second":21.59,"train/loss":0.6614,"eval/accuracy":0.7313566936208445,"_runtime":1548.883982745,"eval/steps_per_second":21.603,"train_loss":0.6823911754007872,"_timestamp":1.7418382450704896e+09,"test/f1":0.731393143572889,"eval/loss":0.6586936116218567,"_step":90,"train/grad_norm":1.5406749248504639,"train_runtime":1526.1009,"train_steps_per_second":2.582,"eval/runtime":6.4806,"test/loss":0.6586936116218567,"_wandb":{"runtime":1549},"train/global_step":3940,"total_flos":1.2375699762039936e+16,"test/runtime":6.4845,"test/model_preparation_time":0.0033,"train_samples_per_second":82.616,"test/samples_per_second":343.28,"eval/samples_per_second":343.487,"train/learning_rate":3.6868821800694627e-09,"train/epoch":10,"eval/f1":0.731393143572889,"eval/model_preparation_time":0.0033,"test/accuracy":0.7313566936208445}