{"eval/f1":0.31797564454816174,"_timestamp":1.741835875925784e+09,"_runtime":1548.168876074,"eval/accuracy":0.48607367475292,"train/loss":0.6912,"train_loss":0.6954349503299306,"train/global_step":3940,"train_samples_per_second":83.147,"eval/loss":0.6899213194847107,"eval/steps_per_second":21.692,"train_runtime":1516.3463,"_wandb":{"runtime":1548},"test/loss":0.6899213194847107,"eval/samples_per_second":344.908,"train/learning_rate":3.6868821800694627e-09,"_step":90,"eval/model_preparation_time":0.0033,"test/model_preparation_time":0.0033,"eval/runtime":6.4539,"test/runtime":6.4593,"test/samples_per_second":344.621,"train_steps_per_second":2.598,"test/accuracy":0.48607367475292,"total_flos":1.2375699762039936e+16,"test/steps_per_second":21.674,"train/grad_norm":1.1301473379135132,"train/epoch":10,"test/f1":0.31797564454816174}