{"train/loss":0.0998,"train_samples_per_second":91.902,"train_steps_per_second":1.436,"train_loss":0.2599372988828346,"train/learning_rate":3e-06,"eval/loss":0.230106920003891,"_timestamp":1.7418427632928836e+09,"test/runtime":7.4118,"test/accuracy":0.945193171608266,"total_flos":1.178643554153856e+16,"train/epoch":9,"train/grad_norm":6.184237957000732,"test/model_preparation_time":0.0032,"eval/steps_per_second":9.422,"train_runtime":1371.902,"eval/runtime":7.4298,"eval/f1":0.949674730173894,"eval/accuracy":0.949685534591195,"eval/samples_per_second":299.605,"train/global_step":1773,"test/f1":0.9451968880453361,"test/loss":0.18946099281311035,"test/samples_per_second":300.333,"_runtime":1406.578361655,"_step":47,"_wandb":{"runtime":1408},"eval/model_preparation_time":0.0032,"test/steps_per_second":9.444}